run_id,scenario,model_name,trial_id,text_column,tfidf_params_json,tfidf_analyzer,tfidf_max_features,tfidf_ngram_range,tfidf_min_df,tfidf_max_df,tfidf_sublinear_tf,model_params_json,model_params_effective_json,class_weight,solver,C,n_estimators,max_depth,learning_rate,subsample,colsample_bytree,reg_lambda,reg_alpha,accuracy_val,macro_precision_val,macro_recall_val,macro_f1_val,weighted_precision_val,weighted_recall_val,weighted_f1_val,micro_precision_val,micro_recall_val,micro_f1_val,train_time_sec,val_predict_time_sec,fallback_used,warning_message,status,notes
deep_20260612_180817,01_Raw_Data,LogisticRegression,1,post_content_for_labeling,"{""analyzer"": ""word"", ""max_features"": 50000, ""ngram_range"": [1, 2], ""min_df"": 1, ""max_df"": 0.95, ""sublinear_tf"": true}",word,50000,"(1, 2)",1,0.95,True,"{""C"": 0.05, ""solver"": ""lbfgs""}","{""C"": 0.05, ""solver"": ""lbfgs""}",,lbfgs,0.05,,,,,,,,0.5973715651135006,0.5138726925904368,0.6192365610575772,0.5391335580165675,0.665068560273958,0.5973715651135006,0.6052135866616383,0.5973715651135006,0.5973715651135006,0.5973715651135006,4.984689417,0.016396207999999746,False,,success,
deep_20260612_180817,01_Raw_Data,LogisticRegression,2,post_content_for_labeling,"{""analyzer"": ""word"", ""max_features"": 50000, ""ngram_range"": [1, 2], ""min_df"": 3, ""max_df"": 0.95, ""sublinear_tf"": true}",word,50000,"(1, 2)",3,0.95,True,"{""C"": 0.05, ""solver"": ""lbfgs""}","{""C"": 0.05, ""solver"": ""lbfgs""}",,lbfgs,0.05,,,,,,,,0.5949820788530465,0.5114958162010966,0.6127310571617812,0.5360165863202309,0.65814811237429,0.5949820788530465,0.603000838076666,0.5949820788530465,0.5949820788530465,0.5949820788530465,3.39260625,0.00406204100000096,False,,success,
deep_20260612_180817,01_Raw_Data,LogisticRegression,3,post_content_for_labeling,"{""analyzer"": ""char_wb"", ""max_features"": 50000, ""ngram_range"": [3, 5], ""min_df"": 2, ""max_df"": 0.95, ""sublinear_tf"": true}",char_wb,50000,"(3, 5)",2,0.95,True,"{""C"": 0.05, ""solver"": ""lbfgs""}","{""C"": 0.05, ""solver"": ""lbfgs""}",,lbfgs,0.05,,,,,,,,0.5412186379928315,0.47379094972427765,0.5859080636686973,0.49854616015935266,0.6171148757467196,0.5412186379928315,0.5489869762226989,0.5412186379928315,0.5412186379928315,0.5412186379928315,5.384150958999999,0.007475959000000643,False,,success,
deep_20260612_180817,01_Raw_Data,LogisticRegression,4,post_content_for_labeling,"{""analyzer"": ""word"", ""max_features"": 10000, ""ngram_range"": [1, 1], ""min_df"": 2, ""max_df"": 0.95, ""sublinear_tf"": true}",word,10000,"(1, 1)",2,0.95,True,"{""C"": 0.1, ""solver"": ""lbfgs""}","{""C"": 0.1, ""solver"": ""lbfgs""}",,lbfgs,0.1,,,,,,,,0.5818399044205496,0.5178650264357936,0.6026877225366832,0.5388292335201423,0.6453307093295266,0.5818399044205496,0.5918973935627927,0.5818399044205496,0.5818399044205496,0.5818399044205496,1.602032874999999,0.00054004099999716,False,,success,
deep_20260612_180817,01_Raw_Data,LogisticRegression,5,post_content_for_labeling,"{""analyzer"": ""word"", ""max_features"": 70000, ""ngram_range"": [1, 2], ""min_df"": 2, ""max_df"": 0.95, ""sublinear_tf"": true}",word,70000,"(1, 2)",2,0.95,True,"{""C"": 0.1, ""solver"": ""lbfgs""}","{""C"": 0.1, ""solver"": ""lbfgs""}",,lbfgs,0.1,,,,,,,,0.6081242532855436,0.5321741952188113,0.626034788390581,0.5586103465240699,0.6631873204756898,0.6081242532855436,0.6153049922486943,0.6081242532855436,0.6081242532855436,0.6081242532855436,1.339418417000001,0.0037922500000000525,False,,success,
deep_20260612_180817,01_Raw_Data,LogisticRegression,6,post_content_for_labeling,"{""analyzer"": ""word"", ""max_features"": 50000, ""ngram_range"": [1, 3], ""min_df"": 2, ""max_df"": 0.95, ""sublinear_tf"": true}",word,50000,"(1, 3)",2,0.95,True,"{""C"": 0.1, ""solver"": ""lbfgs""}","{""C"": 0.1, ""solver"": ""lbfgs""}",,lbfgs,0.1,,,,,,,,0.6081242532855436,0.531817471953261,0.6307375628881923,0.5594645050698295,0.6634856832321279,0.6081242532855436,0.6149627061029248,0.6081242532855436,0.6081242532855436,0.6081242532855436,5.297873834000001,0.00411741699999979,False,,success,
deep_20260612_180817,01_Raw_Data,LogisticRegression,7,post_content_for_labeling,"{""analyzer"": ""word"", ""max_features"": 20000, ""ngram_range"": [1, 1], ""min_df"": 2, ""max_df"": 0.95, ""sublinear_tf"": true}",word,20000,"(1, 1)",2,0.95,True,"{""C"": 0.3, ""solver"": ""lbfgs""}","{""C"": 0.3, ""solver"": ""lbfgs""}",,lbfgs,0.3,,,,,,,,0.6200716845878136,0.5600457048207792,0.6288861413614635,0.5796982596693573,0.6654850374095733,0.6200716845878136,0.6304875686668938,0.6200716845878136,0.6200716845878136,0.6200716845878136,1.9125102920000003,0.0005575000000028751,False,,success,
deep_20260612_180817,01_Raw_Data,LogisticRegression,8,post_content_for_labeling,"{""analyzer"": ""word"", ""max_features"": 50000, ""ngram_range"": [1, 2], ""min_df"": 3, ""max_df"": 0.95, ""sublinear_tf"": true}",word,50000,"(1, 2)",3,0.95,True,"{""C"": 0.3, ""solver"": ""lbfgs""}","{""C"": 0.3, ""solver"": ""lbfgs""}",,lbfgs,0.3,,,,,,,,0.6463560334528077,0.5801935487817073,0.6414688750208885,0.5978450552381636,0.6888566361986281,0.6463560334528077,0.6563760581874923,0.6463560334528077,0.6463560334528077,0.6463560334528077,2.9062254580000015,0.0014150000000014984,False,,success,
deep_20260612_180817,01_Raw_Data,LogisticRegression,9,post_content_for_labeling,"{""analyzer"": ""word"", ""max_features"": 30000, ""ngram_range"": [1, 1], ""min_df"": 2, ""max_df"": 0.95, ""sublinear_tf"": true}",word,30000,"(1, 1)",2,0.95,True,"{""C"": 0.5, ""solver"": ""lbfgs""}","{""C"": 0.5, ""solver"": ""lbfgs""}",,lbfgs,0.5,,,,,,,,0.6403823178016727,0.5864190346097751,0.6427248053434224,0.6021575950050589,0.6821369502628669,0.6403823178016727,0.6510973566093796,0.6403823178016727,0.6403823178016727,0.6403823178016727,0.767534665999996,0.0009004580000038231,False,,success,
deep_20260612_180817,01_Raw_Data,LogisticRegression,10,post_content_for_labeling,"{""analyzer"": ""word"", ""max_features"": 50000, ""ngram_range"": [1, 2], ""min_df"": 1, ""max_df"": 0.95, ""sublinear_tf"": true}",word,50000,"(1, 2)",1,0.95,True,"{""C"": 0.5, ""solver"": ""lbfgs""}","{""C"": 0.5, ""solver"": ""lbfgs""}",,lbfgs,0.5,,,,,,,,0.6642771804062126,0.5968483636380691,0.6460076727658615,0.6117370836348917,0.6976026586866474,0.6642771804062126,0.6724459978052361,0.6642771804062126,0.6642771804062126,0.6642771804062126,3.721084708999996,0.0058182080000008796,False,,success,
deep_20260612_180817,01_Raw_Data,LogisticRegression,11,post_content_for_labeling,"{""analyzer"": ""char_wb"", ""max_features"": 30000, ""ngram_range"": [3, 5], ""min_df"": 2, ""max_df"": 0.95, ""sublinear_tf"": true}",char_wb,30000,"(3, 5)",2,0.95,True,"{""C"": 0.5, ""solver"": ""lbfgs""}","{""C"": 0.5, ""solver"": ""lbfgs""}",,lbfgs,0.5,,,,,,,,0.6308243727598566,0.5681991098956661,0.6110047005780012,0.5771225604782643,0.6700610266839351,0.6308243727598566,0.6414731381760356,0.6308243727598566,0.6308243727598566,0.6308243727598566,4.972624791000001,0.004422624999996572,False,,success,
deep_20260612_180817,01_Raw_Data,LogisticRegression,12,post_content_for_labeling,"{""analyzer"": ""word"", ""max_features"": 20000, ""ngram_range"": [1, 1], ""min_df"": 2, ""max_df"": 0.95, ""sublinear_tf"": true}",word,20000,"(1, 1)",2,0.95,True,"{""C"": 1.0, ""solver"": ""lbfgs""}","{""C"": 1.0, ""solver"": ""lbfgs""}",,lbfgs,1.0,,,,,,,,0.6559139784946236,0.5959923594221507,0.6261365335481346,0.5999145461466462,0.6866896546989621,0.6559139784946236,0.6636403911875073,0.6559139784946236,0.6559139784946236,0.6559139784946236,2.101092166000001,0.0005494580000018345,False,,success,
deep_20260612_180817,01_Raw_Data,LogisticRegression,13,post_content_for_labeling,"{""analyzer"": ""word"", ""max_features"": 30000, ""ngram_range"": [1, 1], ""min_df"": 2, ""max_df"": 0.95, ""sublinear_tf"": true}",word,30000,"(1, 1)",2,0.95,True,"{""C"": 1.0, ""solver"": ""lbfgs""}","{""C"": 1.0, ""solver"": ""lbfgs""}",,lbfgs,1.0,,,,,,,,0.6559139784946236,0.5959923594221507,0.6261365335481346,0.5999145461466462,0.6866896546989621,0.6559139784946236,0.6636403911875073,0.6559139784946236,0.6559139784946236,0.6559139784946236,0.8020452080000027,0.004002042000003314,False,,success,
deep_20260612_180817,01_Raw_Data,LogisticRegression,14,post_content_for_labeling,"{""analyzer"": ""word"", ""max_features"": 50000, ""ngram_range"": [1, 1], ""min_df"": 2, ""max_df"": 0.95, ""sublinear_tf"": true}",word,50000,"(1, 1)",2,0.95,True,"{""C"": 1.0, ""solver"": ""lbfgs""}","{""C"": 1.0, ""solver"": ""lbfgs""}",,lbfgs,1.0,,,,,,,,0.6559139784946236,0.5959923594221507,0.6261365335481346,0.5999145461466462,0.6866896546989621,0.6559139784946236,0.6636403911875073,0.6559139784946236,0.6559139784946236,0.6559139784946236,0.8032275409999983,0.0005325409999983322,False,,success,
deep_20260612_180817,01_Raw_Data,LogisticRegression,15,post_content_for_labeling,"{""analyzer"": ""word"", ""max_features"": 50000, ""ngram_range"": [1, 2], ""min_df"": 1, ""max_df"": 0.95, ""sublinear_tf"": true}",word,50000,"(1, 2)",1,0.95,True,"{""C"": 1.0, ""solver"": ""lbfgs""}","{""C"": 1.0, ""solver"": ""lbfgs""}",,lbfgs,1.0,,,,,,,,0.6941457586618877,0.6263427529828024,0.648253775274613,0.6286008107099175,0.7191945210538879,0.6941457586618877,0.7005889055180553,0.6941457586618877,0.6941457586618877,0.6941457586618877,2.9422534169999963,0.005762082999993368,False,,success,
deep_20260612_180817,01_Raw_Data,LogisticRegression,16,post_content_for_labeling,"{""analyzer"": ""char_wb"", ""max_features"": 50000, ""ngram_range"": [4, 6], ""min_df"": 2, ""max_df"": 0.95, ""sublinear_tf"": true}",char_wb,50000,"(4, 6)",2,0.95,True,"{""C"": 1.0, ""solver"": ""lbfgs""}","{""C"": 1.0, ""solver"": ""lbfgs""}",,lbfgs,1.0,,,,,,,,0.6463560334528077,0.5833232145417837,0.625842885038623,0.592533876404652,0.6815645611842758,0.6463560334528077,0.65567174402843,0.6463560334528077,0.6463560334528077,0.6463560334528077,4.639055874999997,0.005523249999995983,False,,success,
deep_20260612_180817,01_Raw_Data,LogisticRegression,17,post_content_for_labeling,"{""analyzer"": ""word"", ""max_features"": 50000, ""ngram_range"": [1, 1], ""min_df"": 2, ""max_df"": 0.95, ""sublinear_tf"": true}",word,50000,"(1, 1)",2,0.95,True,"{""C"": 2.0, ""solver"": ""lbfgs""}","{""C"": 2.0, ""solver"": ""lbfgs""}",,lbfgs,2.0,,,,,,,,0.6726403823178017,0.6093303778825939,0.6326622699922668,0.6098889554485892,0.7014057779735704,0.6726403823178017,0.6800807143829035,0.6726403823178017,0.6726403823178017,0.6726403823178017,1.1590180420000067,0.0007331669999999235,False,,success,
deep_20260612_180817,01_Raw_Data,LogisticRegression,18,post_content_for_labeling,"{""analyzer"": ""word"", ""max_features"": 70000, ""ngram_range"": [1, 2], ""min_df"": 2, ""max_df"": 0.95, ""sublinear_tf"": true}",word,70000,"(1, 2)",2,0.95,True,"{""C"": 2.0, ""solver"": ""lbfgs""}","{""C"": 2.0, ""solver"": ""lbfgs""}",,lbfgs,2.0,,,,,,,,0.7072879330943848,0.6467696093349565,0.6464979665926797,0.6364923556335199,0.7262566006481251,0.7072879330943848,0.7112432492285699,0.7072879330943848,0.7072879330943848,0.7072879330943848,4.631949374999998,0.002947167000002082,False,,success,
deep_20260612_180817,01_Raw_Data,LogisticRegression,19,post_content_for_labeling,"{""analyzer"": ""word"", ""max_features"": 50000, ""ngram_range"": [1, 2], ""min_df"": 3, ""max_df"": 0.95, ""sublinear_tf"": true}",word,50000,"(1, 2)",3,0.95,True,"{""C"": 2.0, ""solver"": ""lbfgs""}","{""C"": 2.0, ""solver"": ""lbfgs""}",,lbfgs,2.0,,,,,,,,0.7084826762246117,0.6374536667575499,0.6497718901524746,0.6357556474970736,0.7294398161171279,0.7084826762246117,0.7142098731796285,0.7084826762246117,0.7084826762246117,0.7084826762246117,2.945726958999998,0.0011269170000005602,False,,success,
deep_20260612_180817,01_Raw_Data,LogisticRegression,20,post_content_for_labeling,"{""analyzer"": ""char_wb"", ""max_features"": 30000, ""ngram_range"": [3, 5], ""min_df"": 2, ""max_df"": 0.95, ""sublinear_tf"": true}",char_wb,30000,"(3, 5)",2,0.95,True,"{""C"": 2.0, ""solver"": ""lbfgs""}","{""C"": 2.0, ""solver"": ""lbfgs""}",,lbfgs,2.0,,,,,,,,0.6618876941457587,0.5938854182592381,0.6181805642551983,0.5978269809443313,0.6912110534615289,0.6618876941457587,0.670693768573124,0.6618876941457587,0.6618876941457587,0.6618876941457587,6.496099833000002,0.013153582999990476,False,,success,
deep_20260612_180817,01_Raw_Data,LogisticRegression,21,post_content_for_labeling,"{""analyzer"": ""word"", ""max_features"": 20000, ""ngram_range"": [1, 1], ""min_df"": 2, ""max_df"": 0.95, ""sublinear_tf"": true}",word,20000,"(1, 1)",2,0.95,True,"{""C"": 5.0, ""solver"": ""lbfgs""}","{""C"": 5.0, ""solver"": ""lbfgs""}",,lbfgs,5.0,,,,,,,,0.6857825567502986,0.6064647648953159,0.6184635596086787,0.6041462953931717,0.7030022705147996,0.6857825567502986,0.689501901131377,0.6857825567502986,0.6857825567502986,0.6857825567502986,1.8318060000000003,0.0011269170000076656,False,,success,
deep_20260612_180817,01_Raw_Data,LogisticRegression,22,post_content_for_labeling,"{""analyzer"": ""word"", ""max_features"": 30000, ""ngram_range"": [1, 2], ""min_df"": 2, ""max_df"": 0.95, ""sublinear_tf"": true}",word,30000,"(1, 2)",2,0.95,True,"{""C"": 5.0, ""solver"": ""lbfgs""}","{""C"": 5.0, ""solver"": ""lbfgs""}",,lbfgs,5.0,,,,,,,,0.7132616487455197,0.654414726724908,0.6406811519656948,0.6363335390418638,0.7261824052579691,0.7132616487455197,0.7145967756834377,0.7132616487455197,0.7132616487455197,0.7132616487455197,5.186795708999995,0.0050622919999909755,False,,success,
deep_20260612_180817,01_Raw_Data,LogisticRegression,23,post_content_for_labeling,"{""analyzer"": ""word"", ""max_features"": 50000, ""ngram_range"": [1, 2], ""min_df"": 2, ""max_df"": 0.95, ""sublinear_tf"": true}",word,50000,"(1, 2)",2,0.95,True,"{""C"": 5.0, ""solver"": ""lbfgs""}","{""C"": 5.0, ""solver"": ""lbfgs""}",,lbfgs,5.0,,,,,,,,0.7204301075268817,0.659846360135637,0.6486865285378338,0.6442693609590552,0.7331434558608529,0.7204301075268817,0.7222104827147581,0.7204301075268817,0.7204301075268817,0.7204301075268817,6.21118270800001,0.003586791999993011,False,,success,
deep_20260612_180817,01_Raw_Data,LogisticRegression,24,post_content_for_labeling,"{""analyzer"": ""char_wb"", ""max_features"": 50000, ""ngram_range"": [3, 5], ""min_df"": 2, ""max_df"": 0.95, ""sublinear_tf"": true}",char_wb,50000,"(3, 5)",2,0.95,True,"{""C"": 5.0, ""solver"": ""lbfgs""}","{""C"": 5.0, ""solver"": ""lbfgs""}",,lbfgs,5.0,,,,,,,,0.6893667861409797,0.6084261619440693,0.6187009519006896,0.6068812272660647,0.7042121157029082,0.6893667861409797,0.6930787444889595,0.6893667861409797,0.6893667861409797,0.6893667861409797,9.017597582999997,0.005359499999997297,False,,success,
deep_20260612_180817,01_Raw_Data,LogisticRegression,25,post_content_for_labeling,"{""analyzer"": ""word"", ""max_features"": 10000, ""ngram_range"": [1, 1], ""min_df"": 2, ""max_df"": 0.95, ""sublinear_tf"": true}",word,10000,"(1, 1)",2,0.95,True,"{""C"": 10.0, ""solver"": ""lbfgs""}","{""C"": 10.0, ""solver"": ""lbfgs""}",,lbfgs,10.0,,,,,,,,0.6917562724014337,0.6194659351744387,0.6182159805430677,0.6105325185973873,0.7035066976373074,0.6917562724014337,0.6934180090366989,0.6917562724014337,0.6917562724014337,0.6917562724014337,1.358384000000001,0.000627915999999118,False,,success,
deep_20260612_180817,01_Raw_Data,LogisticRegression,26,post_content_for_labeling,"{""analyzer"": ""word"", ""max_features"": 50000, ""ngram_range"": [1, 1], ""min_df"": 2, ""max_df"": 0.95, ""sublinear_tf"": true}",word,50000,"(1, 1)",2,0.95,True,"{""C"": 10.0, ""solver"": ""lbfgs""}","{""C"": 10.0, ""solver"": ""lbfgs""}",,lbfgs,10.0,,,,,,,,0.6917562724014337,0.6194659351744387,0.6182159805430677,0.6105325185973873,0.7035066976373074,0.6917562724014337,0.6934180090366989,0.6917562724014337,0.6917562724014337,0.6917562724014337,1.6432198749999998,0.0006386660000003985,False,,success,
deep_20260612_180817,01_Raw_Data,LogisticRegression,27,post_content_for_labeling,"{""analyzer"": ""word"", ""max_features"": 50000, ""ngram_range"": [1, 2], ""min_df"": 2, ""max_df"": 0.95, ""sublinear_tf"": true}",word,50000,"(1, 2)",2,0.95,True,"{""C"": 10.0, ""solver"": ""lbfgs""}","{""C"": 10.0, ""solver"": ""lbfgs""}",,lbfgs,10.0,,,,,,,,0.7204301075268817,0.6712923177435455,0.6429995515526824,0.6439506013826531,0.7299216162972146,0.7204301075268817,0.7197241196059599,0.7204301075268817,0.7204301075268817,0.7204301075268817,9.35738950000001,0.011776833000013198,False,,success,
deep_20260612_180817,01_Raw_Data,LogisticRegression,28,post_content_for_labeling,"{""analyzer"": ""word"", ""max_features"": 70000, ""ngram_range"": [1, 2], ""min_df"": 2, ""max_df"": 0.95, ""sublinear_tf"": true}",word,70000,"(1, 2)",2,0.95,True,"{""C"": 10.0, ""solver"": ""lbfgs""}","{""C"": 10.0, ""solver"": ""lbfgs""}",,lbfgs,10.0,,,,,,,,0.7204301075268817,0.6712923177435455,0.6429995515526824,0.6439506013826531,0.7299216162972146,0.7204301075268817,0.7197241196059599,0.7204301075268817,0.7204301075268817,0.7204301075268817,8.213926125,0.003214708000001565,False,,success,
deep_20260612_180817,01_Raw_Data,LogisticRegression,29,post_content_for_labeling,"{""analyzer"": ""word"", ""max_features"": 50000, ""ngram_range"": [1, 2], ""min_df"": 1, ""max_df"": 0.95, ""sublinear_tf"": true}",word,50000,"(1, 2)",1,0.95,True,"{""C"": 10.0, ""solver"": ""lbfgs""}","{""C"": 10.0, ""solver"": ""lbfgs""}",,lbfgs,10.0,,,,,,,,0.7252090800477897,0.6825892795969285,0.6454628248530964,0.6492228034107059,0.7356969521303393,0.7252090800477897,0.7244159299705369,0.7252090800477897,0.7252090800477897,0.7252090800477897,6.913616040999997,0.003270249999999919,False,,success,
deep_20260612_180817,01_Raw_Data,LogisticRegression,30,post_content_for_labeling,"{""analyzer"": ""word"", ""max_features"": 10000, ""ngram_range"": [1, 1], ""min_df"": 2, ""max_df"": 0.95, ""sublinear_tf"": true}",word,10000,"(1, 1)",2,0.95,True,"{""C"": 1.0, ""solver"": ""saga""}","{""C"": 1.0, ""solver"": ""lbfgs""}",,lbfgs,1.0,,,,,,,,0.6559139784946236,0.5959923594221507,0.6261365335481346,0.5999145461466462,0.6866896546989621,0.6559139784946236,0.6636403911875073,0.6559139784946236,0.6559139784946236,0.6559139784946236,46.041786166999984,0.0008119999999962602,True,The max_iter was reached which means the coef_ did not converge; LogisticRegression saga raised ConvergenceWarning; fallback to lbfgs,success,LogisticRegression saga raised ConvergenceWarning; fallback to lbfgs
deep_20260612_180817,01_Raw_Data,LogisticRegression,31,post_content_for_labeling,"{""analyzer"": ""word"", ""max_features"": 20000, ""ngram_range"": [1, 1], ""min_df"": 2, ""max_df"": 0.95, ""sublinear_tf"": true}",word,20000,"(1, 1)",2,0.95,True,"{""C"": 1.0, ""solver"": ""saga""}","{""C"": 1.0, ""solver"": ""lbfgs""}",,lbfgs,1.0,,,,,,,,0.6559139784946236,0.5959923594221507,0.6261365335481346,0.5999145461466462,0.6866896546989621,0.6559139784946236,0.6636403911875073,0.6559139784946236,0.6559139784946236,0.6559139784946236,39.33117066700001,0.000903457999982038,True,The max_iter was reached which means the coef_ did not converge; LogisticRegression saga raised ConvergenceWarning; fallback to lbfgs,success,LogisticRegression saga raised ConvergenceWarning; fallback to lbfgs
deep_20260612_180817,01_Raw_Data,LogisticRegression,32,post_content_for_labeling,"{""analyzer"": ""word"", ""max_features"": 50000, ""ngram_range"": [1, 2], ""min_df"": 2, ""max_df"": 0.95, ""sublinear_tf"": true}",word,50000,"(1, 2)",2,0.95,True,"{""C"": 1.0, ""solver"": ""saga""}","{""C"": 1.0, ""solver"": ""lbfgs""}",,lbfgs,1.0,,,,,,,,0.6941457586618877,0.6243953682509219,0.6480859936334944,0.6275098219735796,0.7195240744741422,0.6941457586618877,0.7007061531799214,0.6941457586618877,0.6941457586618877,0.6941457586618877,81.66601700000001,0.002993374999959997,True,The max_iter was reached which means the coef_ did not converge; LogisticRegression saga raised ConvergenceWarning; fallback to lbfgs,success,LogisticRegression saga raised ConvergenceWarning; fallback to lbfgs
deep_20260612_180817,01_Raw_Data,LogisticRegression,33,post_content_for_labeling,"{""analyzer"": ""word"", ""max_features"": 70000, ""ngram_range"": [1, 2], ""min_df"": 2, ""max_df"": 0.95, ""sublinear_tf"": true}",word,70000,"(1, 2)",2,0.95,True,"{""C"": 1.0, ""solver"": ""saga""}","{""C"": 1.0, ""solver"": ""lbfgs""}",,lbfgs,1.0,,,,,,,,0.6941457586618877,0.6243953682509219,0.6480859936334944,0.6275098219735796,0.7195240744741422,0.6941457586618877,0.7007061531799214,0.6941457586618877,0.6941457586618877,0.6941457586618877,84.04494783299998,0.0031359999999835964,True,The max_iter was reached which means the coef_ did not converge; LogisticRegression saga raised ConvergenceWarning; fallback to lbfgs,success,LogisticRegression saga raised ConvergenceWarning; fallback to lbfgs
deep_20260612_180817,01_Raw_Data,LogisticRegression,34,post_content_for_labeling,"{""analyzer"": ""word"", ""max_features"": 50000, ""ngram_range"": [1, 3], ""min_df"": 2, ""max_df"": 0.95, ""sublinear_tf"": true}",word,50000,"(1, 3)",2,0.95,True,"{""C"": 1.0, ""solver"": ""saga""}","{""C"": 1.0, ""solver"": ""lbfgs""}",,lbfgs,1.0,,,,,,,,0.6845878136200717,0.6181249390907486,0.6478503060421167,0.6229990965650697,0.7148640953230182,0.6845878136200717,0.6928889008421791,0.6845878136200717,0.6845878136200717,0.6845878136200717,88.89743495800002,0.0029773329999898124,True,The max_iter was reached which means the coef_ did not converge; LogisticRegression saga raised ConvergenceWarning; fallback to lbfgs,success,LogisticRegression saga raised ConvergenceWarning; fallback to lbfgs
deep_20260612_180817,01_Raw_Data,LogisticRegression,35,post_content_for_labeling,"{""analyzer"": ""word"", ""max_features"": 30000, ""ngram_range"": [1, 1], ""min_df"": 2, ""max_df"": 0.95, ""sublinear_tf"": true}",word,30000,"(1, 1)",2,0.95,True,"{""C"": 2.0, ""solver"": ""saga""}","{""C"": 2.0, ""solver"": ""lbfgs""}",,lbfgs,2.0,,,,,,,,0.6726403823178017,0.6093303778825939,0.6326622699922668,0.6098889554485892,0.7014057779735704,0.6726403823178017,0.6800807143829035,0.6726403823178017,0.6726403823178017,0.6726403823178017,37.51296154199997,0.0009382920000007289,True,The max_iter was reached which means the coef_ did not converge; LogisticRegression saga raised ConvergenceWarning; fallback to lbfgs,success,LogisticRegression saga raised ConvergenceWarning; fallback to lbfgs
deep_20260612_180817,01_Raw_Data,LogisticRegression,36,post_content_for_labeling,"{""analyzer"": ""word"", ""max_features"": 50000, ""ngram_range"": [1, 1], ""min_df"": 2, ""max_df"": 0.95, ""sublinear_tf"": true}",word,50000,"(1, 1)",2,0.95,True,"{""C"": 2.0, ""solver"": ""saga""}","{""C"": 2.0, ""solver"": ""lbfgs""}",,lbfgs,2.0,,,,,,,,0.6726403823178017,0.6093303778825939,0.6326622699922668,0.6098889554485892,0.7014057779735704,0.6726403823178017,0.6800807143829035,0.6726403823178017,0.6726403823178017,0.6726403823178017,37.148109334000026,0.0006495000000086293,True,The max_iter was reached which means the coef_ did not converge; LogisticRegression saga raised ConvergenceWarning; fallback to lbfgs,success,LogisticRegression saga raised ConvergenceWarning; fallback to lbfgs
deep_20260612_180817,01_Raw_Data,LogisticRegression,37,post_content_for_labeling,"{""analyzer"": ""word"", ""max_features"": 70000, ""ngram_range"": [1, 2], ""min_df"": 2, ""max_df"": 0.95, ""sublinear_tf"": true}",word,70000,"(1, 2)",2,0.95,True,"{""C"": 2.0, ""solver"": ""saga""}","{""C"": 2.0, ""solver"": ""lbfgs""}",,lbfgs,2.0,,,,,,,,0.7072879330943848,0.6467696093349565,0.6464979665926797,0.6364923556335199,0.7262566006481251,0.7072879330943848,0.7112432492285699,0.7072879330943848,0.7072879330943848,0.7072879330943848,78.14388066699996,0.0028819169999678707,True,The max_iter was reached which means the coef_ did not converge; LogisticRegression saga raised ConvergenceWarning; fallback to lbfgs,success,LogisticRegression saga raised ConvergenceWarning; fallback to lbfgs
deep_20260612_180817,01_Raw_Data,LogisticRegression,38,post_content_for_labeling,"{""analyzer"": ""word"", ""max_features"": 50000, ""ngram_range"": [1, 2], ""min_df"": 1, ""max_df"": 0.95, ""sublinear_tf"": true}",word,50000,"(1, 2)",1,0.95,True,"{""C"": 2.0, ""solver"": ""saga""}","{""C"": 2.0, ""solver"": ""lbfgs""}",,lbfgs,2.0,,,,,,,,0.7072879330943848,0.648547109475817,0.6464521300762548,0.6373113887126363,0.7249914924545023,0.7072879330943848,0.7105943954948228,0.7072879330943848,0.7072879330943848,0.7072879330943848,84.94318754200003,0.0034661250000453947,True,The max_iter was reached which means the coef_ did not converge; LogisticRegression saga raised ConvergenceWarning; fallback to lbfgs,success,LogisticRegression saga raised ConvergenceWarning; fallback to lbfgs
deep_20260612_180817,01_Raw_Data,LogisticRegression,39,post_content_for_labeling,"{""analyzer"": ""char_wb"", ""max_features"": 30000, ""ngram_range"": [3, 5], ""min_df"": 2, ""max_df"": 0.95, ""sublinear_tf"": true}",char_wb,30000,"(3, 5)",2,0.95,True,"{""C"": 2.0, ""solver"": ""saga""}","{""C"": 2.0, ""solver"": ""lbfgs""}",,lbfgs,2.0,,,,,,,,0.6618876941457587,0.5938854182592381,0.6181805642551983,0.5978269809443313,0.6912110534615289,0.6618876941457587,0.670693768573124,0.6618876941457587,0.6618876941457587,0.6618876941457587,296.95724099999995,0.0045102499999529755,True,The max_iter was reached which means the coef_ did not converge; LogisticRegression saga raised ConvergenceWarning; fallback to lbfgs,success,LogisticRegression saga raised ConvergenceWarning; fallback to lbfgs
deep_20260612_180817,01_Raw_Data,LogisticRegression,40,post_content_for_labeling,"{""analyzer"": ""char_wb"", ""max_features"": 50000, ""ngram_range"": [4, 6], ""min_df"": 2, ""max_df"": 0.95, ""sublinear_tf"": true}",char_wb,50000,"(4, 6)",2,0.95,True,"{""C"": 2.0, ""solver"": ""saga""}","{""C"": 2.0, ""solver"": ""lbfgs""}",,lbfgs,2.0,,,,,,,,0.6654719235364397,0.5952203535472783,0.6223311738304499,0.6008024792977088,0.6912999803561383,0.6654719235364397,0.6727523261016465,0.6654719235364397,0.6654719235364397,0.6654719235364397,209.73549474999993,0.0049184169999989535,True,The max_iter was reached which means the coef_ did not converge; LogisticRegression saga raised ConvergenceWarning; fallback to lbfgs,success,LogisticRegression saga raised ConvergenceWarning; fallback to lbfgs
